{
  "Rogers": [
    {
      "planType": "5G",
      "planName": "5G Mobile 75GB",
      "monthlyCost": "$50.00 per mo±17",
      "dataAllowance": "75 GB",
      "networkCoverage": "Access to 5G network",
      "callAndTextAllowance": "Unlimited Canada-wide talk and text1"
    },
    {
      "planType": "5G",
      "planName": "5G Infinite Essential",
      "monthlyCost": "$60.00 per mo±",
      "dataAllowance": "100 GB",
      "networkCoverage": "Access to 5G/5G+ network",
      "callAndTextAllowance": "Unlimited Canada-wide talk and text1"
    },
    {
      "planType": "5G",
      "planName": "5G Infinite Premium",
      "monthlyCost": "$75.00 per mo±",
      "dataAllowance": "Unlimited data",
      "networkCoverage": "Access to 5G/5G+ network",
      "callAndTextAllowance": "Calling, texting, and data within Canada, the US, Mexico2, and the Caribbean"
    }
  ],
  "Bell": [
    {
      "planType": "5G",
      "planName": "Promo 75",
      "monthlyCost": "$50.00/mo.",
      "dataAllowance": "75 GB",
      "networkCoverage": "5G network access",
      "callAndTextAllowance": "Unlimited Canada-wide calling & texting"
    },
    {
      "planType": "5G+",
      "planName": "Essential 100",
      "monthlyCost": "$60.00/mo.",
      "dataAllowance": "100 GB",
      "networkCoverage": "5G+ network access",
      "callAndTextAllowance": "Unlimited calling, texting & data in Canada"
    },
    {
      "planType": "5G+",
      "planName": "Ultimate 150 - CAN/U.S./MEX",
      "monthlyCost": "$75.00/mo.",
      "dataAllowance": "150 GB",
      "networkCoverage": "5G+ network access",
      "callAndTextAllowance": "Unlimited calling, texting & data in Canada, the U.S., and Mexico"
    }
  ],
  "Freedom": [
    {
      "planType": "5G",
      "planName": "UNLIMITED 50GB",
      "monthlyCost": "$34",
      "dataAllowance": "50 GB",
      "networkCoverage": "5G",
      "callAndTextAllowance": "Unlimited talk (calls to Canada & U.S. from both Canada & U.S.)"
    },
    {
      "planType": "5G",
      "planName": "UNLIMITED 75GB",
      "monthlyCost": "$40",
      "dataAllowance": "75 GB",
      "networkCoverage": "5G",
      "callAndTextAllowance": "Unlimited talk (calls to Canada & U.S. from both Canada & U.S.)"
    },
    {
      "planType": "5G",
      "planName": "UNLIMITED 100GB",
      "monthlyCost": "$50",
      "dataAllowance": "100 GB",
      "networkCoverage": "5G",
      "callAndTextAllowance": "Unlimited talk (calls to Canada & U.S. from both Canada & U.S.)"
    }
  ],
  "AT&T": [
    {
      "planType": "5G",
      "planName": "AT&T Unlimited Starter",
      "monthlyCost": "$65.00",
      "dataAllowance": "Unlimited data",
      "networkCoverage": "5G access included",
      "callAndTextAllowance": "Unlimited talk, text, and data in the U.S."
    },
    {
      "planType": "5G",
      "planName": "AT&T Unlimited Extra",
      "monthlyCost": "$75.00",
      "dataAllowance": "Unlimited data",
      "networkCoverage": "5G access included",
      "callAndTextAllowance": "Unlimited talk, text, and data in the U.S. with 15GB of hotspot data"
    }
  ],
  "Telus": [
    {
      "planType": "5G",
      "planName": "Telus Peace of Mind Connect",
      "monthlyCost": "$85.00",
      "dataAllowance": "Unlimited data",
      "networkCoverage": "5G access included",
      "callAndTextAllowance": "Unlimited nationwide talk and text"
    },
    {
      "planType": "5G",
      "planName": "Telus Unlimited 100GB",
      "monthlyCost": "$95.00",
      "dataAllowance": "100 GB",
      "networkCoverage": "5G+ access included",
      "callAndTextAllowance": "Unlimited nationwide talk and text"
    }
  ]
}

