{

  "Rogers": [

    {

      "planType": "5G",

      "planName": "5G Mobile 75GB",

      "monthlyCost": "$50.00",

      "dataAllowance": "75 GB",

      "networkCoverage": "Access to 5G network",

      "callAndTextAllowance": "Unlimited Canada-wide talk and text"

    },

    {

      "planType": "5G+",

      "planName": "Unlimited Premium",

      "monthlyCost": "$70.00",

      "dataAllowance": "Unlimited data",

      "networkCoverage": "Access to 5G+ network",

      "callAndTextAllowance": "Unlimited Canada-wide talk and text with US roaming"

    }

  ],

  "Bell": [

    {

      "planType": "5G",

      "planName": "Promo 75",

      "monthlyCost": "$55.00",

      "dataAllowance": "75 GB",

      "networkCoverage": "5G network access",

      "callAndTextAllowance": "Unlimited Canada-wide calling & texting"

    },

    {

      "planType": "5G+",

      "planName": "Essential 100",

      "monthlyCost": "$65.00",

      "dataAllowance": "100 GB",

      "networkCoverage": "5G+ network access",

      "callAndTextAllowance": "Unlimited calling, texting & data in Canada"

    }

  ],

  "Freedom": [

    {

      "planType": "4G",

      "planName": "Freedom Starter",

      "monthlyCost": "$25.00",

      "dataAllowance": "10 GB",

      "networkCoverage": "Nationwide 4G access",

      "callAndTextAllowance": "Unlimited local calls"

    },

    {

      "planType": "5G",

      "planName": "Freedom Advanced",

      "monthlyCost": "$35.00",

      "dataAllowance": "50 GB",

      "networkCoverage": "5G network access",

      "callAndTextAllowance": "Unlimited Canada-wide calls and texts"

    }

  ],

  "AT&T": [

    {

      "planType": "5G",

      "planName": "AT&T Unlimited Starter",

      "monthlyCost": "$65.00",

      "dataAllowance": "Unlimited data",

      "networkCoverage": "Access to 5G network",

      "callAndTextAllowance": "Unlimited talk and text in the U.S."

    },

    {

      "planType": "5G",

      "planName": "AT&T Unlimited Elite",

      "monthlyCost": "$85.00",

      "dataAllowance": "Unlimited data with 40GB hotspot",

      "networkCoverage": "Access to 5G+ network",

      "callAndTextAllowance": "Unlimited talk, text, and data in Canada, Mexico, and the U.S."

    }

  ],

  "Telus": [

    {

      "planType": "5G",

      "planName": "Telus Peace of Mind",

      "monthlyCost": "$80.00",

      "dataAllowance": "Unlimited data",

      "networkCoverage": "5G network access",

      "callAndTextAllowance": "Unlimited nationwide talk and text"

    },

    {

      "planType": "5G",

      "planName": "Telus Family Connect",

      "monthlyCost": "$95.00",

      "dataAllowance": "150 GB",

      "networkCoverage": "5G+ network access",

      "callAndTextAllowance": "Unlimited talk and text with family sharing"

    }

  ]

}

